"Population estimates, July 1, 2019,  (V2019),","Population estimates base, April 1, 2010,  (V2019),","Population, percent change - April 1, 2010 (estimates base) to July 1, 2019,  (V2019),","Population, Census, April 1, 2010,","Persons under 5 years, percent,","Persons under 18 years, percent,","Persons 65 years and over, percent,","Female persons, percent,","White alone, percent,","Black or African American alone, percent,","American Indian and Alaska Native alone, percent,","Asian alone, percent,","Native Hawaiian and Other Pacific Islander alone, percent,","Two or More Races, percent,","Hispanic or Latino, percent,","White alone, not Hispanic or Latino, percent,","Veterans, 2014-2018,","Foreign born persons, percent, 2014-2018,","Housing units,  July 1, 2019,  (V2019),","Owner-occupied housing unit rate, 2014-2018,","Median value of owner-occupied housing units, 2014-2018,","Median selected monthly owner costs -with a mortgage, 2014-2018,","Median selected monthly owner costs -without a mortgage, 2014-2018,","Median gross rent, 2014-2018,","Building permits, 2019,","Households, 2014-2018,","Persons per household, 2014-2018,","Living in same house 1 year ago, percent of persons age 1 year+, 2014-2018,","Language other than English spoken at home, percent of persons age 5 years+, 2014-2018,","Households with a computer, percent, 2014-2018,","Households with a broadband Internet subscription, percent, 2014-2018,","High school graduate or higher, percent of persons age 25 years+, 2014-2018,","Bachelor's degree or higher, percent of persons age 25 years+, 2014-2018,","With a disability, under age 65 years, percent, 2014-2018,","Persons  without health insurance, under age 65 years, percent,","In civilian labor force, total, percent of population age 16 years+, 2014-2018,","In civilian labor force, female, percent of population age 16 years+, 2014-2018,","Total accommodation and food services sales, 2012 ($1,000),","Total health care and social assistance receipts/revenue, 2012 ($1,000),","Total manufacturers shipments, 2012 ($1,000),","Total merchant wholesaler sales, 2012 ($1,000),","Total retail sales, 2012 ($1,000),","Total retail sales per capita, 2012,","Mean travel time to work (minutes), workers age 16 years+, 2014-2018,","Median household income (in 2018 dollars), 2014-2018,","Per capita income in past 12 months (in 2018 dollars), 2014-2018,","Persons in poverty, percent,","Total employer establishments, 2018,","Total employment, 2018,","Total annual payroll, 2018 ($1,000),","Total employment, percent change, 2017-2018,","Total nonemployer establishments, 2018,","All firms, 2012,","Men-owned firms, 2012,","Women-owned firms, 2012,","Minority-owned firms, 2012,","Nonminority-owned firms, 2012,","Veteran-owned firms, 2012,","Nonveteran-owned firms, 2012,","Population per square mile, 2010,","Land area in square miles, 2010,"
"15,911","15,028","5.9","14,973","5.8","21.0","21.2","51.5","78.7","18.5","0.3","0.4","0.1","2.0","1.9","77.1","1,358","1.2","7,424","77.7","155,300","1,079","337","723","78","6,095","2.54","94.6","1.2","77.1","65.5","84.1","19.8","12.6","11.8","57.5","54.7","","","","9,911","143,824","9,507","30.3","56,176","26,890","13.5","292","2,359","64,034","-3.6","959","962","616","253","117","796","80","806","44.9","333.49"
"31,605","32,354","-2.3","32,353","5.2","19.3","21.6","51.4","76.9","19.1","0.9","0.6","","2.5","2.4","74.9","2,524","1.7","14,266","77.6","153,300","1,138","330","741","47","12,044","2.56","87.7","3.5","78.3","65.1","85.2","19.2","10.5","12.1","58.6","55.9","","","572,023","","273,370","8,442","25.0","49,170","24,343","13.0","574","6,082","223,325","-8.1","1,599","2,117","1,094","810","397","1,634","185","1,819","68.3","473.93"
"13,145","12,695","3.5","12,690","5.5","20.8","20.1","50.7","76.5","20.4","0.6","0.6","","1.8","3.2","74.0","970","1.0","5,677","84.3","204,400","1,337","357","808","54","4,789","2.66","89.8","3.1","85.8","75.1","83.5","15.9","9.9","13.6","61.7","56.8","5,047","21,569","98,420","","71,057","5,569","38.6","58,526","29,114","9.9","279","1,945","60,953","-3.3","870","893","444","335","159","695","69","778","35.7","355.27"
"14,860","16,264","-8.6","16,250","4.4","18.3","25.5","51.1","92.8","4.7","0.3","0.3","0.1","1.9","1.6","91.4","1,093","1.0","8,010","77.7","116,500","969","362","676","14","6,741","2.22","89.7","1.5","79.2","67.2","85.6","15.4","13.9","10.4","50.0","44.9","14,048","85,719","","7,653","75,144","4,630","24.2","47,794","26,918","14.8","247","2,502","80,381","-0.2","644","893","596","189","38","821","104","754","36.5","445.46"
"109,330","98,998","10.4","98,970","5.2","19.7","19.3","52.1","81.8","9.7","0.4","5.5","0.1","2.6","5.8","76.9","6,503","10.8","47,081","62.5","344,500","1,817","513","1,244","948","40,612","2.43","80.1","11.7","92.9","84.6","91.4","53.5","5.3","9.7","61.5","58.1","230,570","950,075","786,381","574,521","1,497,509","14,645","21.7","75,394","42,085","8.7","2,841","42,339","2,068,853","1.7","9,931","11,062","5,716","3,967","1,236","9,370","1,306","8,936","137.3","720.70"
"32,316","33,162","-2.6","33,164","5.6","20.7","24.6","51.3","67.8","28.8","0.7","0.8","0.2","1.7","9.1","59.9","2,700","6.4","21,319","67.9","165,000","1,165","388","797","81","13,401","2.36","93.5","10.5","79.2","63.8","81.3","18.5","8.3","17.0","54.1","48.2","53,568","62,723","667,932","78,932","348,195","10,443","21.8","43,210","24,355","17.3","725","8,809","280,559","2.1","2,387","2,997","1,716","802","335","2,560","212","2,536","73.8","449.50"
"33,419","33,152","0.8","33,148","4.2","18.9","23.3","50.3","94.1","3.3","0.3","0.8","","1.5","1.8","92.7","2,887","2.8","15,025","86.3","225,200","1,475","377","890","105","13,161","2.50","88.6","3.0","87.3","76.1","92.6","28.7","9.8","8.1","59.9","54.2","","","811,959","","321,378","9,693","28.3","68,410","33,983","7.4","747","10,216","466,631","0.7","2,351","2,597","1,606","743","176","2,352","283","2,232","61.2","541.20"
"6,280","6,824","-8.0","6,824","3.9","15.0","23.6","45.2","94.3","4.0","0.2","0.6","","1.0","1.0","93.4","421","0.4","3,356","82.7","102,400","1,040","295","663","24","2,523","2.26","87.2","1.6","81.3","71.9","91.5","17.4","10.9","9.2","49.5","51.2","2,286","7,619","","","33,844","5,023","28.8","50,511","24,275","14.1","73","1,296","68,547","-7.2","260","332","255","63","","315","43","227","19.1","357.73"
"78,997","74,929","5.4","68,676","4.6","19.7","21.8","50.8","89.6","7.2","0.4","1.2","","1.6","2.4","87.6","6,517","2.8","37,040","81.6","200,500","1,300","347","852","53","31,206","2.48","87.4","4.1","85.0","74.6","89.8","28.9","9.6","10.3","60.0","54.6","28,890","82,397","","265,148","521,240","7,490","27.2","61,541","31,796","10.4","1,726","16,305","621,971","4.7","5,506","4,688","2,592","1,385","311","4,257","567","3,799","91.2","753.02"
"4,147","4,727","-12.3","4,731","4.1","15.1","28.0","49.4","92.9","4.8","0.2","0.5","0.0","1.5","2.2","91.1","260","1.8","3,300","72.2","151,500","892","372","485","9","1,999","2.11","90.8","1.6","79.2","62.9","87.2","14.9","11.4","12.6","61.1","61.5","63,467","","","","17,227","3,703","25.6","46,137","29,127","10.7","120","1,889","69,297","-9.3","355","402","210","136","","371","79","294","8.9","529.16"
"75,558","73,753","2.4","73,750","4.2","18.5","21.9","49.2","92.8","4.7","0.3","0.6","","1.6","3.1","90.2","5,933","2.3","32,851","78.9","212,300","1,336","380","885","390","29,297","2.42","86.5","2.9","84.2","72.4","87.4","23.5","9.2","10.4","58.9","56.3","56,499","512,215","1,884,187","249,603","621,286","8,435","24.5","61,305","29,366","9.0","1,410","20,457","913,708","-0.2","4,703","5,645","3,051","1,784","282","5,174","728","4,536","76.3","967.00"
"236,842","207,696","14.0","207,627","5.8","18.1","11.1","49.9","75.0","9.7","0.6","11.0","0.1","3.6","15.6","61.4","12,490","23.6","118,880","43.5","669,400","2,955","941","1,936","743","104,716","2.18","79.4","29.8","95.1","90.3","94.1","74.6","3.6","6.7","77.0","72.8","1,362,362","1,450,588","54,117","935,338","2,608,839","11,802","29.0","117,374","69,051","6.3","6,339","144,679","12,479,304","3.2","21,303","21,665","11,888","7,902","6,403","14,039","2,366","18,087","7,993.6","25.97"
"29,791","30,072","-0.9","30,042","4.2","17.8","25.4","50.4","97.2","0.9","0.3","0.2","0.1","1.3","3.9","94.0","1,832","2.1","16,708","77.0","109,200","997","290","556","2","12,375","2.39","91.4","2.9","75.7","65.2","80.8","13.1","12.9","13.1","54.4","47.7","34,380","39,107","","40,239","285,688","9,570","26.3","43,532","24,868","15.7","414","4,077","109,768","0.3","1,715","2,103","1,358","513","78","1,988","257","1,752","63.3","474.69"
"30,725","28,554","7.6","28,545","6.3","22.8","16.9","50.5","67.2","27.2","0.8","1.1","0.1","3.6","5.2","63.2","2,937","3.0","12,417","81.3","195,100","1,447","423","1,050","109","10,911","2.57","85.0","5.3","84.1","69.2","85.6","20.1","7.5","11.3","60.5","62.0","18,500","18,193","76,113","","404,165","13,950","35.8","64,715","31,536","9.7","379","4,053","146,983","1.2","1,829","2,177","1,061","868","601","1,540","266","1,844","54.1","527.51"
"54,885","54,809","0.1","54,842","4.9","19.4","20.3","51.4","81.5","14.8","0.4","1.1","0.1","2.2","2.9","79.1","4,050","2.6","26,097","75.2","155,000","1,128","316","762","74","22,957","2.38","89.4","3.0","81.4","71.8","86.0","22.5","10.0","11.7","61.4","56.3","64,268","","1,555,414","","600,969","10,894","25.2","50,258","27,842","11.3","1,166","16,879","774,539","1.5","3,156","3,807","1,930","1,412","420","3,260","427","3,058","108.8","503.87"
"17,148","17,140","0.0","17,146","4.1","17.7","20.2","45.1","63.3","33.7","0.4","0.4","","2.1","2.4","61.3","1,252","1.7","7,479","75.3","127,300","1,008","319","726","49","5,827","2.56","89.1","2.7","77.7","59.9","77.9","11.3","13.0","14.0","50.6","54.9","","17,355","","","82,977","4,856","35.5","46,261","19,734","20.2","248","1,894","70,139","-1.9","788","685","367","274","128","534","","635","29.6","579.66"
"21,004","24,102","-12.9","24,098","4.2","17.3","23.1","49.4","95.3","3.4","0.2","0.4","","0.7","0.9","94.6","737","1.8","11,556","78.1","70,800","898","309","598","4","8,871","2.39","90.7","2.4","68.8","59.7","70.3","10.6","18.6","12.9","37.3","32.6","15,258","53,399","91,685","265,343","173,035","7,252","27.1","30,806","18,865","27.6","384","5,018","246,361","0.8","802","1,056","514","366","41","961","226","753","47.9","502.76"
"16,231","17,426","-6.9","17,434","4.4","16.4","21.8","46.4","42.4","54.8","0.4","0.9","0.1","1.5","2.5","40.7","1,274","2.0","8,236","71.7","110,800","1,039","376","679","","6,048","2.38","89.1","3.2","76.1","62.5","79.0","14.3","14.5","12.7","48.7","52.8","","10,383","69,084","27,130","103,582","6,089","29.7","41,927","20,657","22.5","245","2,223","78,338","-3.6","727","868","453","274","246","583","101","644","30.8","566.17"
"52,605","46,688","12.7","46,689","6.5","24.7","16.0","50.1","79.4","14.6","0.8","1.7","0.2","3.3","11.6","69.8","3,676","8.8","19,239","74.2","285,300","1,748","447","1,141","284","16,903","2.90","87.4","11.7","87.0","79.1","85.2","24.7","6.8","12.5","65.2","63.0","59,342","204,330","563,583","296,847","550,139","11,483","38.8","73,116","30,812","8.7","1,020","13,216","556,017","3.6","3,758","4,073","2,078","1,406","477","3,331","363","3,369","123.1","379.23"
"5,131","5,175","-0.9","5,190","4.1","17.5","24.1","50.2","98.1","0.4","0.4","0.2","0.0","0.9","1.6","96.8","343","0.3","2,907","72.2","171,400","1,315","336","568","8","2,266","2.25","91.1","1.1","80.4","67.7","92.5","18.5","11.7","8.9","52.0","45.7","","","","","18,648","3,577","36.4","55,484","28,686","11.9","63","382","11,372","-12.8","277","200","94","74","","188","","181","15.7","329.53"
"14,619","14,025","4.2","14,034","4.4","19.5","21.8","50.5","90.6","4.7","0.7","1.4","0.1","2.5","6.4","85.3","1,109","3.6","6,396","74.8","335,600","1,825","486","1,120","174","5,639","2.51","91.0","6.5","87.7","74.5","88.7","32.2","5.8","10.6","63.2","58.2","","","89,778","","81,456","5,687","37.0","77,936","39,946","6.5","353","2,915","127,849","-1.8","1,426","1,596","841","579","120","1,441","236","1,304","79.7","176.18"
"352,802","316,240","11.6","316,236","6.0","23.5","15.4","51.8","68.2","24.5","0.6","3.7","0.1","2.9","9.5","60.6","25,470","8.4","134,267","75.5","231,700","1,573","490","1,226","3,202","123,010","2.73","87.0","11.5","93.8","89.1","92.1","39.9","7.5","9.8","68.1","63.6","514,490","1,338,305","3,845,325","1,729,433","4,657,329","14,381","26.4","80,214","36,641","7.6","7,567","118,890","5,265,317","4.1","24,896","23,311","12,333","8,455","6,470","15,928","2,847","19,274","747.1","423.30"
"11,880","12,597","-5.7","12,586","5.6","20.9","22.6","50.4","69.9","27.6","0.4","0.3","","1.8","2.3","68.3","1,007","1.4","6,348","69.5","107,400","1,104","326","636","16","4,543","2.63","92.5","2.3","67.2","54.0","83.9","10.2","15.2","14.8","54.3","53.1","4,461","13,151","74,806","29,566","56,529","4,557","31.1","39,212","20,585","19.3","222","1,761","56,401","-1.7","670","684","352","276","134","522","140","513","26.5","475.27"
"6,963","7,256","-4.0","7,256","3.7","14.7","25.5","51.5","44.8","44.4","6.7","0.6","0.1","3.4","1.8","43.6","592","1.6","3,391","83.6","168,900","1,285","370","780","19","2,856","2.45","93.7","2.5","77.4","59.8","78.6","13.3","12.7","15.2","57.9","53.7","","","","","14,698","2,054","33.7","59,192","37,059","12.3","152","1,648","72,406","1.4","410","460","278","102","148","272","67","351","39.7","182.82"
"71,222","65,228","9.2","65,203","5.7","23.1","16.9","50.6","87.0","7.8","0.5","1.7","0.1","2.8","9.2","79.0","6,018","6.6","27,398","78.2","384,100","2,208","597","1,255","202","24,333","2.82","89.0","8.5","92.2","86.9","92.2","35.9","5.7","10.1","67.2","61.4","108,134","274,753","137,765","159,724","920,778","13,838","40.0","97,469","44,724","6.1","1,880","18,886","901,569","-0.1","6,592","6,836","3,713","2,258","692","5,908","794","5,625","100.7","647.45"
"1,147,532","1,081,703","6.1","1,081,726","6.3","23.3","14.0","50.4","64.7","10.6","0.5","20.1","0.1","3.9","16.5","50.0","74,376","31.2","416,058","68.0","550,000","2,659","844","1,851","2,138","394,447","2.88","85.4","38.9","96.7","93.0","92.1","61.1","4.4","8.8","70.7","64.9","2,795,360","6,870,151","1,408,820","25,177,210","14,589,534","13,043","32.2","121,133","54,725","6.1","31,510","637,023","52,368,335","3.8","114,600","115,917","62,967","41,905","47,911","64,164","12,378","98,963","2,766.8","390.97"
"10,953","11,149","-1.8","11,151","4.9","18.4","23.7","53.1","57.3","37.4","0.9","1.2","0.2","3.0","3.9","54.9","716","1.6","5,894","69.6","188,100","1,214","434","868","33","4,463","2.43","88.7","3.5","77.6","57.4","82.8","16.5","9.4","12.0","61.1","60.0","19,587","68,391","90,738","","236,634","21,066","37.1","52,681","26,603","13.7","303","3,293","98,218","-1.8","805","842","470","229","146","640","139","614","43.4","257.12"
"28,544","28,012","1.9","28,001","4.7","19.9","17.9","51.0","64.8","32.2","0.4","0.8","0.1","1.7","3.8","62.0","2,167","2.9","11,856","76.0","162,300","1,318","395","948","89","10,391","2.65","87.0","4.2","82.5","70.3","83.6","17.2","10.3","11.2","63.1","60.0","15,357","15,514","","","144,913","5,177","29.9","55,880","27,106","12.5","362","5,587","236,886","26.4","1,416","1,545","852","555","486","1,031","101","1,382","55.6","503.72"
"14,318","15,877","-9.8","15,903","4.7","19.6","23.0","49.1","98.2","0.5","0.3","0.2","0.0","0.8","1.1","97.3","927","0.4","7,563","76.3","75,700","888","298","565","1","5,841","2.48","93.2","0.7","72.1","60.0","75.5","10.0","19.3","11.6","38.0","35.6","","24,742","","5,293","102,343","6,523","28.8","29,226","22,924","25.2","203","1,955","63,898","2.4","415","805","354","269","","757","99","655","48.1","330.53"
"9,932","10,039","-1.1","10,052","4.6","18.9","23.1","51.6","65.8","30.5","0.8","0.5","","2.4","3.2","63.5","775","1.1","4,760","73.0","146,300","1,155","357","847","35","3,963","2.46","95.2","2.7","77.5","58.5","81.0","17.5","9.5","12.4","61.5","57.1","1,361","3,338","","","40,387","4,101","41.4","46,221","25,177","15.7","138","814","24,907","1.9","537","426","239","154","48","361","60","348","33.8","297.46"
"37,348","36,859","1.3","36,858","5.0","19.9","19.6","50.8","87.8","8.0","0.6","0.9","0.1","2.7","3.8","84.7","4,427","2.2","16,857","76.3","228,300","1,481","384","983","100","14,759","2.50","90.9","3.4","88.8","80.5","89.1","22.8","12.1","10.3","59.0","52.8","40,449","128,080","22,059","22,713","496,201","13,452","34.0","66,701","33,295","9.1","875","7,440","220,812","0.3","2,443","3,133","1,851","841","203","2,811","455","2,517","169.2","217.81"
"16,720","17,286","-3.3","17,286","5.3","20.4","22.4","50.6","96.3","1.6","0.3","0.6","","1.3","1.8","94.7","995","1.3","8,368","76.8","121,000","1,057","374","713","28","6,987","2.39","90.3","2.1","78.5","73.4","88.2","18.2","11.3","9.9","56.6","50.9","18,339","46,134","","","184,035","10,872","25.0","52,478","26,459","12.4","287","3,570","143,433","-3.9","885","1,177","666","389","31","1,097","229","898","48.6","355.78"
"89,313","78,269","14.1","78,305","5.8","22.7","17.8","50.2","90.5","4.7","0.5","1.8","0.1","2.4","9.3","82.3","6,737","6.2","35,450","77.7","245,100","1,562","426","1,122","771","30,973","2.71","88.7","9.6","89.2","79.1","88.6","28.1","7.8","10.5","65.6","61.0","117,545","114,050","2,537,614","","1,346,134","16,760","31.4","73,250","33,961","7.0","1,534","25,948","1,137,264","-3.8","5,797","6,752","3,985","2,187","536","5,980","648","5,768","189.4","413.50"
"56,042","56,128","-0.2","56,159","4.5","18.7","24.2","50.8","89.6","7.9","0.5","0.5","0.1","1.5","2.9","87.2","3,966","2.0","30,069","79.8","178,000","1,207","362","724","117","23,104","2.37","88.3","3.4","81.2","69.2","87.0","20.5","11.3","11.8","56.6","52.3","44,746","","","291,376","458,981","8,136","29.6","52,639","28,866","15.3","1,163","13,042","387,629","2.3","3,654","4,570","2,548","1,459","324","4,133","457","3,980","81.3","690.43"
"27,270","25,742","5.9","25,691","5.3","19.8","20.5","54.2","80.7","15.3","0.4","0.9","0.1","2.6","3.8","77.6","2,366","3.6","11,162","83.9","230,600","1,548","514","1,124","123","9,842","2.55","88.7","4.6","93.4","85.6","91.0","34.5","8.5","10.7","59.8","54.3","","11,726","","76,018","75,319","2,901","33.6","74,931","39,900","6.9","397","2,714","100,821","2.4","1,825","1,857","966","722","228","1,596","288","1,464","89.8","286.01"
"15,749","15,291","3.0","15,279","4.8","19.3","23.5","49.6","95.5","2.0","0.2","0.5","","1.7","3.0","93.0","1,063","3.0","8,110","82.2","170,000","1,193","321","639","26","6,480","2.40","93.7","3.1","77.1","70.7","85.5","22.3","9.0","13.7","56.8","51.8","7,649","44,960","","","70,667","4,592","34.3","49,729","26,134","12.3","324","2,473","71,137","7.2","1,286","1,525","819","554","115","1,389","106","1,371","40.2","380.42"
"107,766","99,850","7.9","99,863","5.0","21.7","18.4","51.0","86.0","9.5","0.5","1.9","0.1","2.0","3.1","83.5","7,405","3.7","42,264","81.6","275,800","1,730","474","1,155","992","38,599","2.66","89.2","4.3","92.7","85.5","93.1","39.2","6.0","7.3","67.4","63.6","164,727","706,432","917,184","3,161,419","1,752,104","17,405","25.5","88,652","39,604","5.2","3,211","48,367","1,993,738","2.8","8,551","10,101","5,966","3,060","761","8,982","1,215","8,315","213.1","468.54"
"33,911","36,253","-6.5","36,241","5.3","20.2","24.8","52.1","61.2","36.3","0.4","0.7","","1.5","2.2","59.7","2,666","2.0","18,207","74.7","112,700","999","312","644","82","14,025","2.42","93.5","3.9","67.8","55.2","81.9","15.9","12.0","11.3","53.8","50.1","35,956","159,946","573,433","99,184","358,082","9,989","24.9","42,289","22,716","14.5","678","9,503","354,273","-2.3","1,812","2,257","1,271","745","433","1,726","241","1,922","44.3","817.84"
"11,336","12,245","-7.4","12,243","4.1","16.4","15.3","37.2","37.8","60.2","0.3","0.7","","1.1","2.8","35.7","920","1.8","4,205","73.2","96,400","994","345","810","12","3,688","2.29","80.3","4.2","78.4","61.9","76.0","9.0","11.1","10.7","42.5","56.4","11,448","","261,515","1,774","130,752","11,033","24.7","44,534","17,500","26.7","104","2,142","73,523","2.1","388","345","212","119","209","124","47","285","41.5","295.23"
"19,819","18,389","7.8","18,403","6.2","23.8","17.8","51.3","87.6","7.3","0.4","2.0","0.1","2.6","6.0","82.2","1,567","4.4","8,488","80.2","238,300","1,516","457","1,015","170","7,357","2.62","91.7","7.1","90.4","81.4","86.4","27.8","9.9","12.5","67.9","65.6","14,944","","","14,587","183,922","9,798","30.6","64,979","32,565","8.1","341","2,768","94,261","1.9","1,430","1,440","791","422","69","1,291","307","1,066","117.8","156.25"
"15,550","15,554","0.0","15,533","4.0","16.5","25.3","48.6","92.5","5.7","0.3","0.2","","1.2","3.8","89.1","1,014","2.1","9,256","79.2","95,100","864","266","530","28","6,542","2.28","89.5","4.7","74.3","64.4","82.1","12.5","13.9","12.9","51.5","50.5","4,419","11,349","","","40,503","2,668","26.5","33,969","20,930","18.4","156","1,326","41,704","5.2","989","1,476","861","387","","1,416","113","1,269","35.1","442.18"
"23,753","21,692","9.5","21,717","3.7","17.2","22.9","50.9","80.4","15.8","0.4","1.7","","1.7","3.1","77.8","1,601","3.8","9,613","84.9","344,000","1,731","532","1,197","218","8,426","2.53","89.2","3.9","90.1","80.9","90.9","39.2","8.3","7.5","58.7","54.6","25,635","","27,105","","215,509","10,096","31.1","89,741","47,806","6.7","674","17,761","2,273,110","20.1","2,294","2,812","1,640","707","380","2,356","327","2,265","77.2","281.42"
"7,025","6,940","1.2","6,945","4.6","17.5","23.6","49.0","69.0","26.2","1.7","0.5","","2.6","3.1","66.4","735","2.7","3,513","83.6","161,800","1,214","346","893","26","2,826","2.50","92.7","2.4","74.5","57.0","86.0","19.8","8.7","14.2","55.7","47.4","","","","","12,350","1,753","33.9","54,516","27,306","12.2","119","633","25,019","-1.7","435","424","329","50","92","324","91","307","22.0","315.14"
"76,523","67,379","13.6","67,009","4.9","19.7","25.8","51.7","80.3","13.6","0.4","2.6","0.1","2.9","6.1","75.3","9,230","6.5","34,135","74.5","339,600","1,785","552","1,248","311","28,766","2.54","85.6","7.3","93.7","85.9","95.0","49.6","8.0","7.9","57.2","52.9","264,102","305,509","1,621,349","131,586","630,200","9,138","25.1","83,048","43,815","7.0","1,717","28,496","1,079,677","1.8","5,800","6,439","3,246","2,327","827","5,294","1,070","4,899","470.4","142.44"
"37,109","35,277","5.2","35,270","5.3","20.8","19.8","51.0","72.7","23.2","0.5","1.0","0.1","2.5","3.4","70.2","3,577","3.1","16,025","74.7","262,300","1,736","488","1,036","203","14,304","2.52","88.4","4.7","87.6","75.1","87.5","28.2","10.3","9.0","63.8","58.1","34,065","43,959","","51,219","246,871","6,974","29.9","71,376","35,344","9.2","676","9,672","471,840","-0.2","2,375","2,621","1,488","792","444","2,030","520","1,849","111.8","315.61"
"2,190","2,319","-5.6","2,321","4.4","13.3","35.5","50.4","97.6","1.1","0.3","0.6","0.0","0.3","1.1","96.7","286","0.4","1,890","81.9","180,100","1,016","336","561","13","1,123","1.97","96.5","1.2","79.9","73.6","86.9","23.1","13.8","17.2","46.2","43.7","","3,306","","","8,555","3,811","24.9","46,147","30,967","12.7","84","347","9,776","0.0","249","349","163","120","","332","","292","5.6","415.16"
"50,557","54,182","-6.7","54,151","4.5","19.2","24.5","51.9","74.4","22.6","0.4","0.5","0.1","2.0","5.8","69.5","3,965","2.9","26,170","72.4","94,200","927","295","592","16","21,598","2.36","89.7","5.9","78.8","67.2","78.8","12.8","14.8","14.1","51.3","47.3","41,307","51,948","834,700","","581,502","10,978","23.4","36,683","21,501","20.0","781","10,491","357,730","-3.4","2,384","3,211","1,839","1,049","435","2,631","324","2,726","141.6","382.33"
"330,818","306,756","7.8","306,935","6.0","22.4","15.9","52.6","57.0","30.9","0.4","9.1","0.1","2.6","6.0","52.2","18,593","12.8","139,274","62.7","233,400","1,559","476","1,128","1,775","127,111","2.54","84.5","15.4","91.5","85.4","91.5","42.9","7.6","10.0","69.7","65.3","832,839","2,887,909","1,808,163","7,293,945","5,519,851","17,527","22.3","68,572","37,999","9.0","9,406","183,138","9,926,921","4.3","25,896","27,519","14,973","9,261","8,667","17,408","3,061","22,774","1,313.4","233.70"
"37,591","33,168","13.3","33,153","5.4","20.1","20.3","50.5","80.8","15.6","0.6","0.6","0.1","2.3","3.3","78.1","3,209","3.4","17,916","79.7","218,100","1,358","416","910","276","13,575","2.60","88.2","5.3","86.3","74.5","84.2","23.4","11.9","12.9","61.0","55.3","18,177","24,573","426,830","45,334","276,447","8,269","36.3","59,343","31,284","11.3","586","7,317","353,326","2.6","2,329","2,460","1,349","812","378","2,023","289","2,013","66.8","496.30"
"413,538","312,348","32.4","312,311","6.8","27.9","9.7","50.4","67.0","8.1","0.5","20.3","0.1","3.9","13.9","54.8","21,469","24.3","139,974","77.8","492,300","2,737","763","1,813","2,978","125,309","3.06","86.5","31.5","97.0","93.7","93.5","60.8","3.7","6.9","75.3","68.5","877,045","1,188,530","1,636,892","2,319,443","5,140,369","15,258","34.2","136,268","53,408","3.6","10,847","165,167","10,056,288","3.1","37,251","33,392","17,450","12,179","12,053","19,974","2,922","28,790","605.8","515.56"
"23,423","25,589","-8.5","25,587","4.5","18.5","22.2","47.9","94.5","3.7","0.4","0.3","","1.0","2.0","92.9","1,610","1.2","11,781","70.7","88,000","926","285","538","12","9,149","2.47","88.0","2.2","70.3","48.2","75.7","11.4","21.5","12.3","41.4","40.5","","53,337","","33,426","208,128","8,170","30.6","32,718","18,750","24.8","253","2,451","69,449","-1.6","1,044","1,530","779","394","","1,482","125","1,258","58.8","435.52"
"10,603","11,390","-6.9","11,391","4.0","15.5","36.7","52.7","69.0","28.4","0.4","0.8","","1.5","2.5","67.1","1,209","2.9","7,684","75.7","237,700","1,433","425","817","27","5,142","2.08","89.0","3.4","82.4","72.0","88.9","30.9","8.8","13.0","47.8","41.4","18,922","87,005","","83,897","161,485","14,372","27.2","50,739","37,196","12.3","455","4,033","150,858","2.4","1,075","1,640","780","512","113","1,485","161","1,272","85.5","133.25"
"17,148","15,927","7.7","15,935","5.9","22.8","16.3","51.1","79.4","15.4","1.5","1.1","","2.6","2.9","77.2","1,208","2.1","7,268","86.2","206,100","1,474","434","1,079","118","6,170","2.66","93.0","2.4","85.9","70.2","89.8","20.4","7.8","9.7","65.1","60.6","10,601","17,485","209,245","11,983","133,291","8,341","37.5","68,720","32,809","7.3","349","3,536","167,854","2.3","1,109","1,207","671","450","109","1,048","138","992","58.2","273.94"
"26,836","23,578","13.8","23,584","5.9","24.6","13.4","49.4","77.9","16.1","0.8","1.6","0.1","3.5","5.8","73.3","3,448","2.5","10,257","77.1","301,600","1,906","504","1,193","155","9,103","2.82","84.5","4.2","93.2","86.0","93.5","34.6","7.9","7.4","66.7","60.6","21,847","21,298","","","232,398","9,486","38.2","87,321","37,316","6.8","481","5,405","288,274","2.0","1,426","1,554","803","555","366","1,132","153","1,284","131.3","179.64"
"98,535","94,422","4.4","94,392","4.1","15.3","13.2","48.3","86.5","4.3","0.3","6.3","0.1","2.5","3.5","83.6","4,564","7.9","41,053","55.0","221,900","1,426","454","972","533","35,483","2.50","74.5","10.4","92.0","85.8","92.5","45.8","7.2","10.4","57.3","55.3","186,543","489,682","936,778","593,010","1,280,568","13,452","19.2","54,641","28,920","24.1","1,977","31,373","1,249,236","4.5","5,313","6,198","3,216","1,936","560","5,244","560","5,187","243.9","387.01"
"10,582","10,959","-3.4","10,959","4.5","16.0","32.0","50.9","80.1","16.6","0.5","0.5","0.1","2.2","2.9","77.7","1,236","1.8","7,369","80.5","263,900","1,540","418","868","38","4,454","2.31","86.3","3.7","81.5","64.7","86.0","21.8","10.2","11.1","48.9","45.8","9,467","23,204","","25,738","101,324","9,363","30.3","51,917","29,707","12.7","310","2,249","67,589","1.5","960","971","534","224","71","848","177","718","84.1","130.31"
"30,587","32,716","-6.5","32,727","5.0","18.7","25.9","51.3","62.2","34.6","0.4","0.8","0.1","1.9","3.1","60.0","2,536","1.7","19,066","69.9","133,200","1,040","363","693","104","11,815","2.53","92.7","2.1","69.4","56.2","80.6","18.4","15.4","11.5","50.0","50.0","46,566","153,679","298,021","158,989","417,087","13,137","24.8","42,025","23,943","18.7","800","9,075","298,434","-4.4","1,622","2,217","1,247","702","476","1,631","271","1,784","52.3","625.49"
"8,834","8,976","-1.6","8,978","3.9","15.6","31.5","51.6","88.1","8.5","0.3","0.9","0.1","2.1","2.7","85.7","959","1.1","5,764","87.2","224,800","1,251","396","953","9","3,908","2.22","88.8","1.4","84.0","70.5","90.6","28.0","10.4","9.6","50.4","42.0","6,404","","","","54,443","6,128","35.0","67,009","39,119","9.3","193","1,053","26,621","-3.8","833","978","525","385","","927","71","864","104.5","85.93"
"13,261","13,306","-0.3","13,308","5.1","20.1","22.9","51.6","86.9","9.3","0.3","0.6","","2.9","3.2","84.3","831","2.4","6,140","73.1","253,000","1,491","411","740","61","5,078","2.54","86.5","3.3","83.8","68.9","87.0","24.2","8.0","12.3","60.2","53.9","9,416","13,836","","16,467","186,364","14,118","28.9","54,197","30,351","10.1","269","2,372","80,665","-2.5","1,265","1,496","884","514","95","1,356","213","1,207","41.5","320.68"
"12,196","12,916","-5.6","12,914","5.3","18.9","22.7","47.1","62.9","33.9","0.5","0.3","0.2","2.2","5.4","58.9","1,068","5.8","5,998","71.3","116,000","1,011","348","706","11","4,331","2.61","94.4","6.0","67.7","56.4","77.6","10.6","15.1","15.6","46.1","45.4","","11,338","99,369","111,207","51,265","4,073","30.0","41,868","18,677","18.2","174","1,698","58,066","-1.8","616","900","547","283","183","697","78","780","29.9","431.68"
"37,051","33,554","10.4","33,481","5.8","21.0","20.6","51.1","82.2","13.3","0.5","1.1","0.1","2.8","5.6","77.6","3,122","5.1","15,382","77.7","233,800","1,565","448","973","253","13,453","2.61","87.6","5.9","88.7","75.6","88.4","24.3","11.6","11.2","61.4","53.7","36,329","23,882","229,999","","311,631","9,100","37.6","68,481","31,362","9.4","635","6,810","255,896","0.9","2,494","2,807","1,614","915","310","2,420","387","2,267","98.2","340.78"
"15,232","15,853","-3.9","15,853","5.2","19.4","19.3","45.9","57.5","39.3","0.8","0.6","0.1","1.7","4.8","54.1","1,085","4.4","6,821","61.3","139,900","1,189","372","775","71","5,542","2.45","89.7","3.7","74.7","64.3","78.2","12.7","15.3","14.4","45.3","46.8","12,743","48,704","104,308","85,233","126,636","8,000","27.3","42,869","23,109","22.4","320","3,407","112,586","4.7","685","1,058","601","390","177","846","98","901","50.4","314.39"
"12,095","12,331","-1.9","12,330","3.6","14.5","37.5","51.0","72.4","25.0","0.2","0.5","0.1","1.8","3.8","69.2","1,356","1.7","9,364","85.3","285,900","1,473","428","820","46","5,686","2.15","89.4","3.4","84.3","73.1","90.6","28.5","7.6","12.5","48.2","44.1","5,721","3,059","","31,420","85,311","6,910","30.1","58,677","34,006","14.8","298","1,600","59,184","-5.0","1,103","1,470","934","414","208","1,233","149","1,250","64.5","191.30"
"11,710","12,391","-5.5","12,389","5.1","19.7","27.0","52.1","62.7","33.7","0.4","1.0","0.2","1.9","9.5","54.3","1,129","5.5","7,440","65.4","164,000","1,213","402","736","76","5,151","2.26","94.7","9.1","78.9","66.5","82.2","21.6","7.9","14.6","51.5","52.5","28,959","97,755","","167,140","117,921","9,645","20.1","43,553","26,467","18.8","307","2,909","104,528","-2.5","1,047","1,342","825","326","226","1,011","163","1,058","58.5","211.61"
"23,091","18,432","25.3","18,429","5.1","19.9","17.7","49.1","80.8","13.9","1.1","1.2","0.1","2.9","3.6","77.9","1,923","2.8","8,956","85.2","264,800","1,640","503","987","185","7,754","2.65","87.2","2.8","91.9","79.5","92.8","28.4","5.8","9.0","64.4","61.1","","37,236","","13,649","155,016","8,087","35.0","79,698","36,458","5.2","396","3,397","122,470","2.6","1,960","1,661","771","656","264","1,318","206","1,364","87.9","209.73"
"14,930","15,015","-0.6","15,020","4.7","17.8","28.2","51.7","85.0","11.4","0.6","0.8","","2.3","4.3","81.6","1,222","3.4","10,240","74.3","243,800","1,458","374","698","46","6,445","2.28","92.4","4.5","84.7","64.8","85.6","32.1","7.0","13.1","59.0","54.1","6,419","","","","115,108","7,763","30.4","62,446","36,002","12.3","367","3,326","101,206","1.1","1,286","1,587","927","463","97","1,431","131","1,350","31.9","470.86"
"38,353","35,715","7.4","35,725","5.8","22.0","14.4","46.3","60.3","32.6","0.7","2.2","0.4","3.7","8.6","54.2","4,967","3.8","12,605","67.0","218,200","1,465","457","1,318","75","11,415","2.98","82.1","8.6","89.3","79.4","90.0","24.0","11.1","8.7","53.1","56.9","39,319","18,136","602,915","","260,725","7,058","26.6","67,001","28,873","8.9","473","10,252","375,823","-3.5","1,558","1,754","902","608","526","1,121","356","1,235","134.7","265.16"
"22,802","23,363","-2.4","23,368","4.8","16.0","17.0","50.0","63.4","32.8","0.3","1.4","0.1","2.0","3.0","61.2","1,462","4.4","9,501","66.9","161,400","1,209","367","802","49","7,187","2.51","86.6","6.0","77.8","66.0","86.7","28.1","9.7","12.7","46.3","46.3","49,916","135,037","","41,747","390,494","16,804","22.9","46,189","21,216","20.0","512","6,987","241,862","6.7","1,014","1,170","588","373","280","796","188","850","66.8","349.96"
"29,652","28,069","5.6","28,046","4.5","18.1","19.0","48.3","88.0","9.2","0.4","0.6","0.1","1.6","2.3","86.1","2,339","2.3","11,274","89.6","271,400","1,570","479","1,046","238","10,178","2.54","90.5","1.9","94.2","87.1","90.2","28.8","6.6","9.6","56.3","57.6","17,099","","","51,005","264,151","9,393","31.9","83,914","35,641","6.9","688","5,503","215,280","5.1","2,222","2,333","1,372","703","228","2,055","115","2,062","107.8","260.22"
"60,354","63,469","-4.9","63,506","4.3","18.4","23.3","50.8","76.2","21.5","0.3","0.5","","1.4","2.8","73.9","4,255","2.1","31,659","75.0","117,400","1,001","332","696","52","26,330","2.30","89.1","3.9","78.9","66.2","82.0","13.9","12.8","12.4","57.1","54.1","15,474","51,629","615,861","381,006","242,838","3,866","25.0","45,382","24,443","16.4","849","8,203","300,577","-0.5","3,169","3,608","2,068","1,202","617","2,878","397","3,001","65.5","968.94"
"17,608","18,500","-4.8","18,490","4.2","17.3","26.8","50.4","92.5","5.3","0.6","0.3","0.1","1.3","3.2","89.7","1,249","1.9","10,266","76.5","116,400","1,026","280","549","16","7,685","2.28","85.4","4.0","73.9","63.7","79.4","13.9","12.2","13.4","50.9","43.2","7,016","40,505","189,246","21,742","204,632","11,091","28.8","40,486","23,016","15.5","292","3,463","103,289","-2.4","1,032","1,197","849","221","50","1,113","88","1,051","38.3","483.10"
"23,902","24,051","-0.6","24,042","5.3","19.8","21.9","50.5","95.5","2.2","0.3","0.5","","1.4","2.2","93.6","1,608","1.4","11,814","70.1","168,700","1,170","380","780","71","9,338","2.52","86.9","2.3","75.2","63.2","81.4","13.9","13.8","12.7","59.2","55.2","39,866","46,821","161,504","","173,945","7,280","34.5","47,951","25,021","13.9","424","4,255","142,364","2.5","1,448","1,682","931","548","77","1,551","96","1,457","77.3","310.86"
"22,573","22,355","1.0","22,307","4.0","17.1","26.8","50.5","93.5","3.3","0.6","0.7","","1.8","2.0","91.9","1,491","2.7","11,532","78.3","213,000","1,296","377","728","68","8,979","2.48","90.1","3.3","78.0","69.5","86.5","26.5","9.4","11.5","56.7","52.9","44,317","24,176","197,599","16,474","360,059","16,078","24.8","54,805","31,594","12.0","435","5,086","164,304","-5.5","1,531","1,562","843","497","76","1,411","162","1,313","37.3","597.56"
"94,186","92,465","1.9","92,376","4.4","19.7","21.8","51.8","87.9","6.4","0.2","3.5","","1.9","3.3","85.2","7,005","5.2","41,096","74.1","194,800","1,350","421","949","162","38,343","2.38","87.9","6.4","89.7","81.7","92.2","34.8","7.7","8.3","61.6","56.3","128,289","381,711","815,656","700,237","891,006","9,591","23.2","65,467","34,901","6.7","2,010","29,061","1,194,695","-0.7","5,919","6,344","3,432","2,241","559","5,523","721","5,168","368.7","250.52"
"9,023","9,254","-2.5","9,254","4.2","16.9","21.1","43.6","66.8","29.6","0.6","0.7","0.1","2.3","7.3","60.5","679","4.2","3,989","72.1","181,900","1,184","391","872","23","3,139","2.29","85.5","8.6","79.4","68.6","82.4","15.7","6.5","12.7","47.6","54.6","6,176","27,151","","72,175","68,192","7,528","25.5","49,831","22,105","15.9","167","2,227","62,750","12.9","573","688","376","203","118","536","119","527","48.3","191.49"
"7,370","7,506","-1.8","7,373","3.9","16.2","27.9","50.8","92.4","4.2","0.4","1.0","0.1","2.0","4.4","88.3","694","3.5","3,998","73.8","359,800","1,799","551","1,049","22","2,976","2.46","92.9","4.8","85.3","73.7","89.0","32.9","9.2","13.3","58.4","53.8","","","","2,427","29,306","3,931","40.4","68,438","37,733","8.7","212","1,105","40,862","2.5","953","938","598","259","","904","99","825","27.7","266.23"
"34,027","34,857","-2.4","34,872","4.7","17.5","23.5","49.9","92.3","5.0","0.3","0.7","","1.7","1.8","90.7","2,631","1.9","17,302","72.3","144,800","1,088","373","657","47","14,525","2.28","87.1","2.5","80.7","66.7","86.2","19.4","13.1","9.6","56.9","53.6","53,370","108,827","2,861,262","35,997","352,657","10,152","22.9","52,638","26,609","14.6","607","10,460","426,575","-3.8","1,553","2,082","892","790","103","1,885","175","1,679","109.0","319.86"
"470,335","402,009","17.0","402,002","7.2","26.9","10.3","50.0","62.4","22.2","1.1","9.4","0.2","4.7","24.5","41.5","41,479","23.9","151,729","73.2","369,300","2,250","655","1,675","1,474","140,473","3.22","86.2","32.9","96.7","93.1","88.5","40.1","5.4","11.7","71.4","66.0","673,700","993,570","353,067","2,222,743","5,638,210","13,103","39.6","103,445","39,262","6.4","8,411","107,362","5,012,545","5.1","41,049","34,235","18,497","12,615","16,778","16,121","4,033","28,527","1,195.0","336.40"
"17,631","18,573","-5.1","18,570","4.2","18.6","20.8","48.3","62.3","34.7","0.5","0.5","0.1","1.9","2.0","61.0","1,827","0.5","7,673","73.2","169,500","1,227","419","759","59","6,522","2.51","87.5","1.4","87.0","71.1","84.0","17.8","9.5","10.6","54.7","54.2","3,825","7,817","106,431","131,165","55,663","3,024","29.3","54,611","25,643","14.7","214","2,150","95,516","-3.2","948","1,050","651","371","354","665","182","848","31.0","599.15"
"30,104","32,213","-6.5","32,208","4.7","19.1","22.6","51.1","95.7","2.5","0.2","0.5","","1.1","2.0","94.0","2,102","1.4","15,352","71.4","95,000","945","315","595","16","12,881","2.35","88.9","2.5","77.4","68.2","83.1","14.3","19.3","11.3","51.8","47.0","28,962","143,838","832,988","","271,994","8,575","21.3","40,425","22,297","20.4","498","8,878","319,931","2.0","1,397","2,013","1,192","644","44","1,890","294","1,608","71.4","450.93"
"43,616","41,996","3.9","41,993","5.5","21.0","22.2","50.9","93.6","2.9","0.5","1.1","0.1","1.9","7.4","87.2","3,425","4.4","21,335","70.6","207,900","1,352","385","854","123","17,315","2.46","85.8","7.2","82.0","71.8","86.9","20.1","9.4","12.0","61.5","55.6","56,039","109,395","796,165","519,660","499,549","11,731","31.0","54,921","28,064","10.4","865","12,706","465,833","4.7","2,968","3,319","1,619","1,117","251","2,972","388","2,703","82.5","508.78"
"21,566","23,168","-6.9","23,177","4.1","17.8","24.9","49.7","97.6","0.9","0.3","0.2","0.1","0.9","1.5","96.4","1,477","1.2","11,966","77.9","94,400","904","299","553","13","8,767","2.43","89.1","1.6","72.8","62.4","81.2","14.4","19.8","10.7","48.1","42.1","","39,372","486,781","","210,545","9,242","28.9","39,144","21,157","18.5","264","3,490","110,471","-1.4","890","1,151","650","392","","1,080","25","1,068","43.3","535.53"
"26,586","28,923","-8.1","28,897","4.7","18.7","22.5","51.2","97.6","1.1","0.3","0.2","","0.8","1.4","96.6","1,106","0.6","13,536","76.1","96,900","980","296","563","17","10,965","2.45","92.2","1.3","69.4","57.8","79.3","13.5","19.4","10.7","44.5","40.1","19,329","97,110","","30,012","233,167","8,197","27.7","39,482","21,754","21.5","462","5,819","230,596","-0.7","1,152","1,627","1,026","439","46","1,528","58","1,490","61.0","473.82"
"81,948","76,321","7.4","76,314","5.6","21.8","19.5","50.9","94.2","2.5","0.6","1.0","0.1","1.6","7.4","87.9","4,573","5.8","36,163","73.8","210,000","1,323","375","861","288","30,946","2.51","88.3","9.0","83.5","73.6","83.5","25.9","8.3","12.3","63.5","57.6","82,711","496,670","5,397,079","626,275","429,800","5,554","22.3","59,817","30,138","8.7","1,484","28,001","1,213,417","3.1","5,926","5,281","3,079","1,654","183","4,953","660","4,445","89.9","849.09"
"40,164","37,450","7.2","37,575","5.9","21.6","16.8","50.2","90.5","5.0","0.6","1.3","0.1","2.6","5.3","86.0","3,285","3.2","16,606","77.0","240,000","1,477","370","956","150","14,379","2.69","88.4","5.7","89.6","80.6","86.3","21.1","10.5","11.9","63.7","57.2","61,205","","811,775","","444,630","11,679","40.9","68,189","31,007","10.3","818","11,103","419,171","2.4","2,801","2,947","1,735","797","241","2,565","436","2,328","176.0","213.47"
"40,595","45,058","-9.9","45,078","5.1","19.3","23.1","50.4","94.8","3.2","0.2","0.7","","1.1","1.1","93.8","2,313","1.0","20,708","75.8","95,300","951","346","654","10","17,042","2.38","89.4","1.4","77.7","70.2","81.2","15.3","15.1","11.6","48.3","42.6","59,632","209,157","297,825","265,734","804,594","18,176","24.8","40,978","23,366","18.2","982","11,721","396,653","-1.7","1,964","2,778","1,562","843","121","2,471","229","2,305","86.9","518.85"
"11,159","12,070","-7.5","12,087","4.0","15.2","18.6","40.4","41.3","56.1","0.6","0.5","","1.6","3.3","38.9","912","2.5","4,837","67.2","126,300","1,161","356","791","40","3,814","2.06","78.9","3.7","77.9","63.6","75.9","12.6","11.6","13.4","36.7","52.6","11,703","","","","112,569","9,403","34.8","45,801","18,363","22.9","190","1,887","62,331","-6.8","461","530","250","253","152","353","","485","24.7","490.22"
"6,422","7,064","-9.1","7,058","4.5","16.6","23.9","50.4","55.2","41.5","0.5","0.5","0.1","2.2","2.7","53.3","675","1.3","3,611","76.8","190,400","1,372","456","923","26","2,760","2.39","92.7","1.4","86.1","64.7","86.4","17.6","11.9","10.1","57.8","56.1","1,606","944","","","14,869","2,173","41.4","54,844","28,688","12.9","84","1,352","124,661","-0.4","392","244","146","59","74","158","","222","25.3","278.95"
"152,882","128,984","18.5","128,961","6.4","25.9","10.7","49.5","70.9","20.0","0.8","3.6","0.2","4.5","14.2","59.3","20,299","9.0","51,376","76.2","334,600","2,156","547","1,543","913","46,328","3.03","83.6","13.8","96.3","92.9","93.7","39.8","5.8","7.8","66.3","62.6","161,438","287,048","171,086","","1,247,882","9,288","40.9","106,773","40,850","5.4","2,345","33,843","1,451,715","1.0","9,954","8,581","4,496","3,285","2,242","6,066","1,355","6,816","479.5","268.96"
"136,215","122,453","11.2","122,397","6.1","24.5","14.7","50.8","75.4","17.5","0.5","2.8","0.2","3.6","10.7","66.6","13,514","7.2","49,599","77.7","276,800","1,754","465","1,435","1,308","43,677","3.00","87.8","10.1","94.1","88.1","90.2","31.5","8.0","10.2","67.5","61.1","190,400","262,529","","341,742","2,160,088","17,187","38.3","85,330","35,794","7.5","2,547","31,821","1,196,715","2.8","9,182","9,151","4,528","3,355","2,026","6,770","1,220","7,301","304.9","401.50"
"68,280","65,191","4.7","65,464","5.3","23.5","16.6","50.9","75.4","13.8","0.5","6.1","0.3","3.9","6.9","70.1","9,544","8.1","28,522","71.8","324,400","1,907","548","1,456","260","24,617","2.69","83.6","11.4","94.6","89.8","94.4","45.4","8.1","7.4","60.6","56.9","269,881","215,765","","79,990","884,399","13,370","22.5","90,367","39,071","5.5","1,497","20,131","735,642","5.1","3,975","4,158","2,024","1,694","859","3,099","701","3,150","624.8","104.78"
"28,684","29,246","-1.9","29,235","5.1","19.8","22.1","51.1","94.6","3.0","0.2","0.6","","1.6","1.4","93.5","2,216","0.5","14,422","76.2","130,800","1,051","302","655","48","11,955","2.40","90.9","1.4","79.0","67.9","86.0","18.5","13.9","11.5","58.5","54.1","78,309","108,639","1,292,873","","905,499","30,956","23.0","48,043","26,513","15.4","680","10,094","344,954","2.8","1,518","2,033","1,188","562","81","1,837","212","1,654","63.3","461.82"
"37,383","41,437","-9.8","41,452","4.6","19.1","19.2","47.9","92.5","5.8","0.2","0.4","","1.1","1.2","91.4","2,248","1.1","17,916","66.0","85,600","970","333","629","7","15,126","2.38","87.9","1.9","80.2","66.0","74.8","14.5","20.4","11.9","44.8","40.8","42,130","125,091","","299,723","500,864","12,241","22.0","38,345","21,828","25.4","663","7,732","245,923","-1.3","1,510","2,086","1,016","633","29","1,961","274","1,709","102.8","403.19"
"18,015","17,460","3.2","17,454","5.4","19.1","25.6","51.2","69.2","26.1","0.8","0.9","0.1","2.9","6.9","63.8","1,909","4.0","11,060","74.5","210,900","1,475","479","1,009","99","7,612","2.30","88.7","6.3","84.9","74.4","86.1","20.3","8.6","12.5","56.4","53.9","","13,215","167,041","31,224","109,793","6,265","41.0","54,268","32,637","16.4","310","2,516","70,647","1.4","1,204","1,250","680","464","216","996","256","907","76.1","229.38"
"53,740","54,961","-2.2","54,876","4.3","18.0","23.6","50.7","96.7","1.5","0.2","0.5","0.1","0.9","1.6","95.3","3,806","1.5","26,018","75.2","141,300","1,080","345","684","63","22,331","2.36","86.5","2.0","82.7","74.1","85.0","22.5","14.8","11.5","55.7","53.2","","258,351","1,095,566","","820,491","14,867","24.6","46,262","26,085","15.2","1,140","17,675","685,205","0.3","3,428","4,551","2,722","1,204","189","4,124","542","3,669","97.8","560.98"
